{"cameraMode":{"drawMode":0,"name":"Shaded","section":"Shading Mode"},"sceneLighting":true,"audioPlay":false,"sceneViewState":{"showFog":true,"showMaterialUpdate":false,"showSkybox":true,"showFlares":true,"showImageEffects":true,"showParticleSystems":true},"in2DMode":false,"pivot":{"x":0.25133371353149416,"y":0.13325917720794679,"z":-1.170736312866211},"rotation":{"x":-0.09872220456600189,"y":0.4315379559993744,"z":-0.04757841303944588,"w":-0.8954143524169922},"size":1.6427861452102662,"orthographic":false}